Image-JZ4,Text-99R,Text-D72,Text-PLR,Text-BJJ,Text-2ZV
,Gengar & Mimikyu GX #165 • PSA 10,,,in the last 30 days
,Pikachu with Grey Felt Hat #085 • PSA 10,,,in the last 30 days
,Charizard ex #199 • PSA 10,,,in the last 30 days
,Charizard V #050 • PSA 10,,,in the last 30 days
,Umbreon VMAX #215 • PSA 10,,,in the last 30 days
,Giratina V #186 • PSA 10,,,in the last 30 days
,Rayquaza VMAX #218 • PSA 10,,,in the last 30 days
,Lugia V #186 • PSA 10,,,in the last 30 days
,Magikarp #203 • PSA 10,,,in the last 30 days
,Mew ex #232 • PSA 10,,,in the last 30 days
